Run,N_estagios,pos_alimentacao,razao_refluxo,corte_pct,pressao,z_propeno,F_alimentacao,pureza_topo,pureza_fundo,recuperacao,grau_produto,Q_refervedor,Q_condensador,T_condensador,T_refervedor,precisa_refrig,diametro,altura_total,n_cascos,alfa_topo,alfa_fundo,N_min,R_min,R_sobre_Rmin,CAPEX,CAPEX_anual,OPEX,custo_total,lucro,convergiu,Solved
1,130,0.5823439330961555,13.88752434708178,97.43778151748376,15.44693087618798,0.7138742443481461,1000,97.84145961423717,89.05925507632945,95.33454765243751,1,37.37099323603822,37.37099323603822,36.79702997812768,45.10407073615465,1,4.232491294287719,95.2,2,1.08510279128255,1.177873956036967,48.17494866207546,11.00954808073493,1.261407302574288,28.50194937631747,3.74725893315714,13.73259431446951,17.47985324762665,8.028896631633055,1,1
2,220,0.6765975570380687,21.86755865596235,99.00954771970679,14.18681473769248,0.6709754083701409,1000,99.97172854119827,97.9642204616901,98.98155627621342,2,56.18778779157583,56.18778779157583,33.12480248509553,41.34425570747959,1,5.196399471801443,158.8,3,1.086666052474604,1.189615364685497,93.82494564932219,11.82192368692477,1.849746220249095,49.13081209702491,6.459413427939659,20.6471390871444,27.10655251508406,38.68783465216535,1,1
3,260,0.6492788783479482,15.00660524792969,99.46135697999877,18.33560979884118,0.6740778090222739,1000,99.07585679094551,97.0181545952004,98.54219160383467,1,36.57479111340091,36.57479111340091,44.47734471374037,52.95791312635038,0,4.196607036589918,187,4,1.073840482931326,1.174885024770004,70.19550217414277,12.88223321207257,1.164907124477941,45.02788473942489,5.919986071941458,10.12195152466332,16.04193759660478,5.896434721911833,1,1
4,110,0.3854461514577269,12.90474135972559,97.81981987051712,18.17938429497183,0.6792292522033676,1000,93.46109218289426,82.6406725352895,91.42347202232511,1,31.58561854800714,31.58561854800714,44.08471883343174,52.55673290032638,0,3.898757866333761,81.39999999999999,2,1.081358944075542,1.16302760945933,36.81776615395092,10.29998079780013,1.252889846404547,25.4600660901767,3.347331048677641,8.741214647765817,12.08854569644346,9.295808743201267,1,1
5,130,0.6095447049327194,12.63848401546478,98.79821834526211,17.26005696814507,0.8551086382842623,1000,98.11439954551572,83.11074869603515,96.93527869112148,1,40.12310274467089,40.12310274467089,41.72484945006164,50.14472953600142,0,4.38835116448119,95.2,2,1.078663532287666,1.166540598050154,48.26996566027903,10.67512553442479,1.183919006358157,34.83279889822192,4.579599630707532,11.10393494091186,15.68353457161939,30.38486028386745,1,1
6,160,0.5714227192029357,20.03547834612429,98.16859428539173,16.37250831477344,0.7425732437116094,1000,99.53057774722993,93.7196151848548,97.70776905858452,2,54.34282441792671,54.34282441792671,39.3609068241455,47.72732744125818,1,5.103775710237,116.8,2,1.079870821087903,1.178738657505237,66.80521747243733,11.95545881407124,1.67584353371224,39.13128718104614,5.144738120156547,19.96917654610747,25.11391466626401,54.00028825701626,1,1
7,250,0.6127037442047149,16.81483586393297,99.60670793341939,15.41405690919608,0.6206757885217666,1000,99.74634668736704,98.94981505885302,99.35405221914164,2,39.7720022489534,39.7720022489534,36.70398764650383,45.00884613957959,1,4.366402345486136,179.8,3,1.082822605900034,1.186293692440501,84.02437131060874,12.55106948930472,1.339713390819928,43.30705129310014,5.69374159935903,14.61488509308208,20.30862669244111,36.02612412150347,1,1
8,200,0.4995498819742351,22.90857534207404,98.62801929501025,15.22933598373085,0.7769110704353079,1000,99.86520431621146,94.99805575766803,98.49507298199444,2,66.39500650876536,66.39500650876536,36.17853968326131,44.47103802006495,1,5.642165679854958,145,3,1.083294197425891,1.1836549273556,76.84088918758667,11.59692356635418,1.975401080381182,51.41412643386659,6.75960938762532,24.39795172508764,31.15756111271297,55.57407427898588,1,1
9,140,0.4234490999765694,8.395330242738128,97.57249800793221,14.65355992298573,0.865513113310095,1000,96.33595412345004,66.58891272530143,93.99739691802577,1,29.08052700425572,29.08052700425572,34.5110826577594,42.76395191941236,1,3.7359525375464,102.4,2,1.089650695254634,1.159849427493351,33.81565932274774,7.996711356492515,1.049847852257663,25.52747821340893,3.35619397512698,10.68612432316384,14.04231829829082,32.11239979045537,1,1
10,150,0.3235383564066142,21.54411699473858,98.41696312800656,14.00524970315397,0.8009960407633334,1000,99.18413729133427,90.97161959215646,97.61401582684385,1,65.96409994505409,65.96409994505409,32.5767460911145,40.78287090054943,1,5.632099872274781,109.6,2,1.08826744867249,1.184367776990781,56.03445753815185,10.69250908412428,2.014879466104568,42.29984851115879,5.561320845525733,24.23960792647588,29.80092877200161,8.420940485941484,1,1
11,100,0.6850983872618526,23.4556096740067,97.26114302873798,17.08324296351522,0.6002089052391238,1000,98.38043243475279,93.77906054442803,95.68593310265582,1,49.88866456224294,49.88866456224294,41.26087829269585,49.67036344847907,0,4.892452603460303,74.2,2,1.078924818699998,1.176398477936032,57.20684399617883,12.84284848910807,1.826355710253783,37.4240189731261,4.920277120701565,13.80652162205219,18.72679874275376,-8.677670600126877,1,1
12,200,0.692887545324862,17.38258100815117,98.28172989364947,21.31200373265892,0.665170162900351,1000,98.58374461470919,94.0252691838206,96.8898096012737,1,38.51222569869265,38.51222569869265,51.54652465553841,60.17528626117922,0,4.344725269374653,145,3,1.064448566255523,1.162384138874188,65.73908899069436,13.98488428702542,1.242954939875905,35.66399095094457,4.688879589197747,10.65813008802753,15.34700967722527,4.33278159555145,1,1
13,130,0.4761267432421445,8.8541746211797,99.42565690996405,19.80314760293811,0.7881816074335948,1000,92.71877132601315,71.53320551999359,92.18624746973596,1,25.54304558815309,25.54304558815309,48.05574503427977,56.61270768285021,0,3.519685934316338,95.2,2,1.076813748780638,1.14729579134458,32.78583780518103,8.555773336097326,1.03487718448821,22.16276848084079,2.913822878456545,7.068952723036074,9.982775601492619,27.89727399556755,1,1
14,120,0.5588835654873401,14.1506852093339,98.743290626009,21.49697068616748,0.6985561918434686,1000,94.76981844893051,85.54089041405182,93.57883725676855,1,33.3588799820129,33.3588799820129,51.96247461813175,60.59961227569653,0,4.046666327325577,88,2,1.06858265485058,1.154452245680641,44.52937846739673,11.86990859067264,1.192147782877914,23.73693517560047,3.120784519266912,9.23195883875546,12.35274335802237,12.46085108191331,1,1
15,250,0.5358537801411003,19.5741774699837,99.16749547668221,14.42017498698086,0.6555092480862513,1000,99.89549523631547,98.24645907996053,99.06386071988244,2,49.24192000554253,49.24192000554253,33.82190360725059,42.05821362069827,1,4.862915742722728,179.8,3,1.085977265410554,1.189061764295008,85.18449955848017,11.98157492948743,1.633689860070931,48.92375213269494,6.432190472387033,18.09476420470336,24.52695467709039,38.33836221216931,1,1
16,190,0.3448953761532902,13.34239558279514,97.94132316278807,17.02543143164366,0.6150237970151938,1000,95.11956277885496,89.42271100201388,93.1613583722694,1,30.22446868308684,30.22446868308684,41.10844248660089,49.51450203378056,0,3.80786651107008,137.8,3,1.083186601282139,1.172879608073886,42.65014681644493,11.44982186921325,1.165292852168358,37.71550851071208,4.958600351131146,8.364520959815339,13.32312131094648,-0.5936189029334095,1,1
17,140,0.4111964637860656,19.3005518195033,98.49076034904458,20.38210251882672,0.8582458895291202,1000,98.62616037535537,84.1209896235043,97.13765525675562,1,56.08178357358664,56.08178357358664,49.41640920608938,58.00167808091447,0,5.224896082045778,102.4,2,1.067522619939262,1.156942835954198,56.28019468202085,12.54007135564263,1.539110206962154,35.48677737046797,4.665580650456753,15.52044666471153,20.18602731516827,25.92665067728801,1,1
18,240,0.6606206592451781,18.27997189283371,97.6127149141347,19.49521271906793,0.7959951176969334,1000,99.68541513928942,90.3828489906337,97.30564009088624,2,49.86594739591956,49.86594739591956,47.32068046105064,55.86218130355428,0,4.913448550305471,173.2,3,1.069174362587471,1.165400409006087,72.73447953472956,13.18931550592573,1.385968201656927,47.60429723389249,6.258716753408929,13.80023472199609,20.05895147540501,68.91744668802029,1,1
19,130,0.5217567841205746,15.78041433900595,97.46948780153458,15.77596539750695,0.8043885839846917,1000,98.77405546052594,86.12425678756365,96.27456593817833,1,47.17403428865033,47.17403428865033,37.72063589871868,46.04923536096561,1,4.754889705596527,95.2,2,1.082827494268992,1.174206207467881,51.75353665779097,11.0152409021719,1.432598204538086,32.6144693501295,4.287947466638964,17.33488513326938,21.62283259990834,16.05388799561666,1,1
20,150,0.3314789418559521,16.9735728354007,98.97005077702413,14.90035496097058,0.8214068725761026,1000,98.70857131017118,89.86454025848923,97.69192314695148,1,53.29612696291034,53.29612696291034,35.23141103821081,43.50147539128875,1,5.05634062029187,109.6,2,1.085854345664473,1.180407232486272,52.52206155888329,10.5709168096214,1.605685972284992,37.41734275097547,4.919399372560082,19.58455012130412,24.5039494938642,17.12686480019523,1,1
21,120,0.6382260117735713,9.144811469092964,97.10150630389853,19.31836821615696,0.7545791273983196,1000,92.24858755847197,70.56906470169623,89.57476806334699,1,24.83303420578811,24.83303420578811,46.89486044273002,55.4273497301748,0,3.465711942258945,88,2,1.079022848943227,1.148006240181928,31.30714492031409,8.831587713893461,1.035466301796081,21.40439045156314,2.814116054639012,6.872459439671172,9.686575494310183,21.22283630165262,1,1
22,160,0.6336526831574738,11.26646007560194,99.76434963057191,17.43682899724692,0.8859475172935054,1000,98.17462037329537,84.31074547489408,97.94327151770106,1,37.62134637425773,37.62134637425773,42.18537230454928,50.61552295873236,0,4.250209771017166,116.8,2,1.0779936146669,1.167016587780331,49.36999156164448,10.39545139654029,1.083787480296577,35.6283273242041,4.684190757492676,10.41158220458791,15.09577296208059,36.32892063337955,1,1
23,150,0.4454369817525148,20.314090911448,97.39419023880595,15.00459718346596,0.8328604538720101,1000,99.53222770487521,86.49818961241263,96.93860719980766,2,62.93436956168741,62.93436956168741,35.53311713396505,43.81034937882509,1,5.49405182404369,109.6,2,1.084469030856343,1.177129033619007,59.11935121054555,11.15122252054252,1.82169182562951,41.1892271137117,5.415303255711432,23.1262830016014,28.54158625731283,67.46788479068694,1,1
24,160,0.3361625308319926,9.721577624753117,97.20583087808778,14.52162080168724,0.7803225459465757,1000,95.34298933883207,76.34271583241109,92.67894497081838,1,29.88347286534445,29.88347286534445,34.12243926962748,42.36598335783714,1,3.787789794693309,116.8,2,1.091329522208534,1.169579016939774,34.34403261781823,8.78502967257571,1.106607261111597,27.68076075604641,3.639294163713172,10.9811801622519,14.62047432596508,19.70900088298074,1,1
25,140,0.6025751340650022,16.22785595081746,98.03268100844231,16.83527267292142,0.687520039615687,1000,98.43723960786627,92.62018096076699,96.50066509829558,1,40.77564903392641,40.77564903392641,40.60444548450795,48.99914236273969,0,4.422158767063966,102.4,2,1.079687528841021,1.176254001082029,55.83717369473645,11.94731604348432,1.358284646673226,38.73573007237761,5.092732733105246,11.28452495130902,16.37725768441426,6.110271992841723,1,1
26,240,0.3489647405873984,15.33204094402492,98.88656914709462,17.60304786574095,0.7472935721478424,1000,98.34560496289872,92.12873478767621,97.25059465476538,1,41.74097719684932,41.74097719684932,42.61541073594225,51.05510972920911,0,4.477833082498645,173.2,3,1.077220368806814,1.173254998205109,55.90070785765517,11.76205751079473,1.303516916998051,47.08269105275352,6.19013921872679,11.55167630263739,17.74181552136418,13.69960805948299,1,1
27,190,0.6759651090800762,21.37974385209382,99.33025628142991,16.63809664878994,0.6088898855214938,1000,99.79055237064361,98.64753880639289,99.12221141441482,2,47.71777250387942,47.71777250387942,40.07758635191067,48.46034501931166,0,4.783175743307616,137.8,3,1.078650517734288,1.18193072388389,86.10705981619839,13.10226811248292,1.631758995354758,50.24289746482415,6.605623491465408,13.20573448120695,19.81135797267235,33.77118021197797,1,1
28,240,0.4325024017170072,14.54059594407678,99.49852899635538,20.01470808643848,0.8790746851083823,1000,98.79920880719997,88.10277596373697,98.30375942320157,1,44.76482463050423,44.76482463050423,48.55613795438109,57.12355791849495,0,4.662471411267851,173.2,3,1.068541034364983,1.161682615224169,59.32826251860767,12.3982213953963,1.172796926297508,44.19514371926493,5.810502464851984,12.38851600040994,18.19901846526193,31.92911789912645,1,1
29,110,0.3153289613183587,8.0493255918473,98.22356081331428,21.69745254155248,0.6928523172168061,1000,86.1056080672129,66.54761422026736,84.57599430357291,0,19.57374261384401,19.57374261384401,52.41051364430831,61.05663084967784,0,3.102390192794533,81.39999999999999,2,1.078504612756239,1.136120528565898,24.72388929815018,7.595277219172064,1.059780355551621,16.74938968245663,2.202105522110956,5.416968022572617,7.619073544683573,-75.93977485543886,1,1
30,180,0.5034719229582697,19.15764171272516,98.10545530288853,19.24511019177735,0.7647032503508963,1000,99.07931819010349,91.43471571422815,97.2022162213987,1,50.59778728664232,50.59778728664232,46.71766456793972,55.24639208787278,0,4.946072884935357,130.6,3,1.070777485157019,1.167141801428402,63.21323199625203,12.75842153347575,1.501568329785862,41.23853689417165,5.421786198785989,14.0027689722873,19.42455517107329,13.55264579004207,1,1
31,260,0.4166276241932064,18.7282160705328,97.13124095553393,20.19025457367301,0.8974631217140705,1000,99.57123386038444,77.016675984906,96.71477508332819,2,56.42958550132725,56.42958550132725,48.9685513909937,57.54454849793024,0,5.237741136034709,187,4,1.066980598967999,1.151140001507628,64.76107022693873,13.44612851193234,1.392833338898482,54.65471877164931,7.185662301625894,15.61669968887398,22.80236199049987,85.64737896549259,1,1
32,180,0.3026956966575235,9.548920117393136,97.03898414838127,18.62697837717831,0.7020977950394154,1000,91.11598568127381,74.48416568894271,88.41802690189265,0,24.35094189316382,24.35094189316382,45.20337929015557,53.69967642126738,0,3.426264753215991,130.6,3,1.082738686644491,1.15403878241942,30.51845324150282,9.000919397256052,1.060882749411593,27.84047714208499,3.660292680216466,6.739041999126777,10.39933467934324,-78.69015460577582,1,1
33,220,0.4647699128296226,12.12624192483723,97.73476516480372,15.61865447342396,0.7182496997960843,1000,97.52912630091674,88.72054409547916,95.31986255748581,1,33.14124123924864,33.14124123924864,37.28078370316774,45.59913976174948,1,3.985540091307393,158.8,3,1.084915975130648,1.177003088267847,46.94231585461047,10.8850618083349,1.114026005396859,36.33256940226729,4.776780123338654,12.17830144738257,16.95508157072122,9.444192483501212,1,1
34,210,0.6545836623609066,20.62403289437294,97.32253808021406,18.64940689895302,0.8340222333963029,1000,99.84083243798845,87.45537737247363,97.16763216906402,2,59.442157606408,59.442157606408,45.25893551004157,53.75643140468526,0,5.353417640068838,151.6,3,1.071823183999954,1.165709782400931,75.28999036138377,12.89801467342688,1.599008329310059,50.27300332046454,6.609581622012874,16.45041897704806,23.06000059906093,73.0368032885652,1,1
35,210,0.4418353119269013,11.56691070109606,99.72464548103466,16.08530509550124,0.8921466036667116,1000,98.69240917988853,87.22683703948071,98.42065517133594,1,39.84718076361872,39.84718076361872,38.57658420869018,46.9249943702111,1,4.370062803160895,151.6,3,1.08188963710286,1.174133133781196,52.20703757611537,10.40115050758305,1.11207992737564,39.35116618181236,5.173646442845503,14.64251069127109,19.81615713411659,32.38456138046667,1,1
36,220,0.3583616694267839,22.2779981366545,97.63928370632743,19.01448311559856,0.6490993933305145,1000,98.86068827602327,93.84418299177703,96.52686789985434,1,49.59411407930502,49.59411407930502,46.15672246458996,54.673495764439,0,4.89395579893232,158.8,3,1.071827622253094,1.1699584947241,63.5126916205823,13.25586583572421,1.680614334268221,45.81795478867702,6.023859565322228,13.72500575773406,19.74886532305629,-2.82256076853592,1,1
37,200,0.3915981018915772,23.93842960968614,98.35701229987015,20.9184246057272,0.7702139977770858,1000,99.07693419967825,91.89603560832296,97.44911235711179,1,61.05201621113806,61.05201621113806,50.65302066307402,59.26366058946729,0,5.461952324449621,145,3,1.065153123379665,1.161907520840059,66.64979290903428,13.51799342395585,1.770856728430106,46.70453465376971,6.14042156869826,16.89594197971176,23.03636354841002,10.94809824496908,1,1
38,170,0.5307450061459094,10.30669109009206,99.04959455654165,20.75678859639913,0.8503546342793853,1000,95.85903509782297,72.76307240146576,94.94798561020662,1,30.88040456295878,30.88040456295878,50.28268230868434,58.88575955297557,0,3.882216492158186,123.4,3,1.069719229988005,1.145255576046935,40.63149269982271,9.976436814845769,1.033103429749071,28.92395513493772,3.802741624111164,8.546049028116968,12.34879065222813,33.48209687072895,1,1
39,230,0.5775605216436088,12.28468595556915,97.7704795958153,16.07846172213554,0.7615867294748313,1000,98.36877174241323,88.59562671906687,96.17561990507026,1,35.25876656465509,35.25876656465509,38.55777516772946,46.90575174299488,1,4.110759339786614,166,3,1.082318514450943,1.175348418176661,51.1029383181587,11.13333190659784,1.103415047591368,38.62355230613876,5.077984298495035,12.95642142029192,18.03440571878696,14.21135580004072,1,1
40,190,0.3799520919024944,16.49461188070476,98.61431988380291,21.13299189444631,0.7336740914792754,1000,97.07144293658006,88.65982377654701,95.72634325330226,1,40.71815134509801,40.71815134509801,51.14156825598656,59.76213852561108,0,4.464252478901111,137.8,3,1.06694309658134,1.158405719840016,52.46725374935614,12.60127568267162,1.308963655432678,35.83248226902013,4.711031779157873,11.26861265758473,15.9796444367426,13.39320656793065,1,1
41,160,0.4591215850431472,23.35503713324666,99.11912705235696,20.6944007512182,0.6337086237114854,1000,98.30957508430309,95.64363364872594,97.44359263244264,1,49.67073506315148,49.67073506315148,50.13920258917938,58.73934169925968,0,4.922553515453315,116.8,2,1.066869305371666,1.165813959321476,65.57137737811507,13.86010480639853,1.6850548722016,35.18073802579013,4.625344501935821,13.74621035961029,18.37155486154611,-2.233777755448624,1,1
42,170,0.5914551317598671,13.59743979163468,98.05588802974485,21.89465855460614,0.6474157262826338,1000,94.57967802572576,87.13032901020919,92.74094318379886,1,29.32834228591109,29.32834228591109,52.84843420699258,61.5032853893324,0,3.800815698688118,123.4,3,1.067480893546451,1.154511860272542,45.66788663041748,12.57733699448163,1.081106421621733,27.57303675024491,3.625131281809012,8.116520966484941,11.74165224829395,5.496786348098111,1,1
43,110,0.5123617050610483,11.15503429658711,97.9247692512297,21.62386279862374,0.8727727233865299,1000,96.10502221581612,64.63387212913753,94.11062124368097,1,33.07031252197524,33.07031252197524,52.24639003283147,60.88922302925801,0,4.031273080386907,81.39999999999999,2,1.066497150488092,1.134492211579851,39.97316126920861,9.973661115009953,1.118449300407775,22.65876475005433,2.979033381292096,9.152098756081573,12.13113213737367,35.43003630387567,1,1
44,230,0.3983674361221492,17.86982170157135,98.56322167484974,17.8451330479607,0.7262735904227011,1000,99.02335700893498,93.86752299268288,97.60061087859445,1,46.49183130770272,46.49183130770272,43.23664333886427,51.69006360737194,0,4.727455735285379,166,3,1.075555897054201,1.173910646058767,63.01853274756606,12.33319554561874,1.448920649597537,48.02145550253826,6.313562126547585,12.8664593416357,19.18002146818329,9.044454920741368,1,1
45,100,0.4848070195168256,18.1579586109519,99.62544269877394,18.9175536717847,0.8134046330451965,1000,97.74080561953491,88.73971782399751,97.37471029580978,1,52.29150478097375,52.29150478097375,45.9195427497549,54.43124060672011,0,5.024126341856118,74.2,2,1.073557032793404,1.165925512287826,51.95480814270908,11.42886584588854,1.588780449066529,31.10326294985892,4.08926345353902,14.47149964311855,18.56076309665757,22.74606310678221,1,1
46,170,0.369573772098869,10.57713428102434,99.87206489680521,18.12777864195407,0.8429695226079784,1000,96.43275909018982,80.32322634353997,96.3093877403342,1,33.35726520691756,33.35726520691756,43.95450266790658,52.42367212030223,0,4.006240105212485,123.4,3,1.077846284315109,1.161108207767025,41.93347815315566,9.664452984968397,1.094436932692981,33.32214523245166,4.380988287699962,9.231511955130411,13.61250024283037,32.11178967316493,1,1
47,230,0.5505064448285848,22.42218889892101,98.73188091558917,19.66014075476676,0.7226521066529676,1000,99.6999704449899,96.05434854823399,98.43565609262505,2,55.43989468913524,55.43989468913524,47.71537816192154,56.26519615657458,0,5.183190552673186,166,3,1.06860139270032,1.169633367115109,80.68775578783108,13.45389696017592,1.666594367809684,49.12160101532206,6.458202412238967,15.34280605556922,21.80100846780818,54.10852282634532,1,1
48,240,0.6262875406518578,9.974176432490349,99.31625010652142,17.71270993769169,0.8248100679768249,1000,96.46943120941258,80.88752104645677,95.80982157627884,1,31.02339943103024,31.02339943103024,42.89756296799283,51.34350448903137,0,3.860983754828094,173.2,3,1.079196459721083,1.163016162232066,41.81148424713357,9.856287170230896,1.011960818533729,39.35310730278981,5.173901649351803,8.58562238120618,13.75952403055799,28.83942330484367,1,1
49,200,0.4752382039297371,20.96209363281727,99.82372887509177,16.52567749422044,0.6285228422144428,1000,99.46218027249876,98.79698193780122,99.28685716847419,1,48.68511581274111,48.68511581274111,39.77522224474984,48.15110182612085,1,4.831118245689197,145,3,1.079441736542418,1.182430727524814,78.91476678115403,12.7507521037713,1.643988798638575,43.08809437813956,5.664954506773554,17.8901572239886,23.55511173076215,-7.576728151296138,1,1
50,210,0.5407491307761519,15.57653019823134,99.23697509412281,20.4808120335266,0.6367279907106421,1000,97.42563301021404,94.26153467636043,96.68225116563761,1,34.1610781234353,34.1610781234353,49.64569554182515,58.23569407705054,0,4.07923731281571,151.6,3,1.068693915139358,1.165377769992178,58.61392329689578,13.36334152749223,1.165616411597798,34.66806571268378,4.557941536626144,9.453964500400307,14.01190603702645,2.67617893390508,1,1
